"Sıra","Şirket Adı","Kategori","Adres / Şehir","Web Sitesi","E-mail","Telefon","Genel Müdür / CEO Adı","Ünvan","CEO Profil / Kaynak Linki","Google Puanı","Yorum Sayısı","Ovlink Uygunluk Skoru (/100)","Öncelik Seviyesi"
"1","iSpace","Electronics store","151 Neftchilar Ave, Baku 1025, Azerbaijan","https://ispace.az/","info@ispace.az","+994 12 464 04 34","Takeshi Hakamada","Founder & CEO at ispace, inc.","https://jp.linkedin.com/in/takeshi-hakamada-b096b14","4.8","22","100","Çok Yüksek"
"2","NC GROUP","Advertising agency","94 Hasan bey Zardabi St, Baku 1012, Azerbaijan","https://ncgroup.az/","info@ncgroup.az","+994 51 230 26 16","Belirtilmedi","","","5","26","100","Çok Yüksek"
"3","Make Agency — Saytlarin Hazirlanmasi, SMM Xidmeti, SEO Xidmeti","Advertising agency","7 Badamdar Shosesi, Baku 1021, Azerbaijan","https://make.az/","agency@make.az","+994 55 755 89 01","Belirtilmedi","","","5","14","100","Çok Yüksek"
"4","Admedia Reklam Agentliyi","Advertising agency","Əbdüləzəl Dəmirçizadə 2G, Bakı 1008, Azerbaijan","http://admedia.az/","info@admedia.az","+994 55 270 70 48","Lamia Khudiyeva","CEO / Kurucu","https://az.linkedin.com/company/admedia-reklam-pr","4.8","25","100","Çok Yüksek"
"5","Creative SHAMANS","Design agency","55 Yeni, Yeni Həyat Plaza, Zarifa Aliyeva St, Baku, Azerbaijan","https://shamans.az/","info@shamans.az","+994 55 299 31 34","Belirtilmedi","","","5","10","100","Çok Yüksek"
"6","Etna Group Advertising Agency","Design agency","Park, Azure biznes mərkəzi, 8 November Ave, Baku, Azerbaijan","http://etnagroup.az/","info@etnagroup.az","+994 50 290 00 29","Nihad Babayev","CEO / Kurucu","https://tr.linkedin.com/company/etnagroup","5","2","100","Çok Yüksek"
"7","SaytPro","Website designer","Mənzil 25, Bakı şəhəri, ev 15 Üzeyir Hacıbəyov küç, Baku 1000, Azerbaijan","https://saytpro.az/az","salam@saytpro.az","+994 70 737 07 17","Belirtilmedi","","","5","95","100","Çok Yüksek"
"8","Medium Creative Agency | saytların hazırlanması","E commerce agency","1, 52A Əhməd Rəcəbli, Bakı 1075, Azerbaijan","https://medium.az/","info@medium.az","+994 70 815 11 77","Merve Naz Atmaca","CEO / Genel Müdür","https://www.instagram.com/p/C_k-UfQo68D/","5","19","100","Çok Yüksek"
"9","ideas","Design agency","37 Khojali Avenue, Baku 1000, Azerbaijan","https://ideas.az/","info@ideas.az","+994 77 427 05 05","Belirtilmedi","","","5","6","100","Çok Yüksek"
"10","WebRain","Marketing agency","35 Matbuat avenue, Baku 1141, Azerbaijan","https://www.webrain.az/","info@webrain.az","+994 70 900 80 99","Nejat Ünsal Co","CEO / Kurucu","https://www.turkiyeinnovationweek.com/eng/program-konusmacilar.html","5","25","100","Çok Yüksek"
"11","webline","Website designer","5 Heydar Aliyev Ave, Baku 1033, Azerbaijan","https://webline.az/","info@webline.az","+994 55 728 48 48","Amir Hossein Khateri","CEO / Kurucu","https://www.linkedin.com/company/weblineagency","5","25","100","Çok Yüksek"
"12","ONE studio - Creative Agency | Web development | SMM | Branding","Marketing agency","101 Zərgərpalan, Bakı 1009, Azerbaijan","https://one.az/","info@one.az","+994 55 475 24 00","Belirtilmedi","","","5","7","100","Çok Yüksek"
"13","Jake's Web Design & Marketing","Website designer","3176 W Willow Bnd, Lehi, UT 84043","http://jakeswebandmarketing.com/","jakeswebandmarketing@gmail.com","(385) 331-6065","Belirtilmedi","","","5","106","100","Çok Yüksek"
"14","Davis Designs","Website designer","7984 S 1300 E, Sandy, UT 84094","http://daviscreate.com/","info@daviscreate.com","(385) 474-9887","Mike Davis","Kurucu / CEO","Google AI Overview","5","125","100","Çok Yüksek"
"15","Trustme Digital","Marketing agency","11/31 Babək prosp, Bakı 1025, Azerbaijan","https://trustmedigital.com/","info@trustmedigital.com","+994 50 202 33 15","Belirtilmedi","","","5","29","100","Çok Yüksek"
"16","Good Day Azerbaijan","Internet marketing service","86 Nizami St, Baku 1001, Azerbaijan","https://www.instagram.com/goodday.azerbaijan","","+994 55 953 23 48","Adem Aykın","Executive Advisor, Board Member, General ...","https://tr.linkedin.com/in/adem-ayk%C4%B1n-21833488","5","6","100","Çok Yüksek"
"17","Utah Web Design Pros","Website designer","8817 Redwood Rd Suite A10, West Jordan, UT 84088","https://www.utahwebdesignpros.com/","info@utahwebdesignpros.com","(801) 871-5251","Cody Lueck","Owner at Utah Web Design Pros","https://www.linkedin.com/in/cody-lueck-b412b4118","4.8","25","100","Çok Yüksek"
"18","Beyvin Digital","Marketing agency","1/23 Ahmad Rajabli str, Baku 1075, Azerbaijan","https://beyvin.com/","info@beyvin.com","+994 70 277 66 01","Mohamed Al Khalifa","CEO / Kurucu","https://bh.linkedin.com/in/moalkhalifa","5","12","100","Çok Yüksek"
"19","Jeykhun Imanov Studio (JIS) - Digital Transformation Agency","Advertising agency","Caspian Plaza, 3rd Block, 3rd floor. J.Jabbarli str. 44, Baku, AZ1065, Baku 1065, Azerbaijan","https://www.jis.az/","jane@jis.az","+994 77 404 99 00","Belirtilmedi","","","5","7","100","Çok Yüksek"
"20","RegemsalElement - digital marketing agency","Internet marketing service","92 Nizami St, Baku 1016, Azerbaijan","https://regemsalelement.com/az/services/","regemsalelement@gmail.com","+994 51 310 82 05","Belirtilmedi","","","5","5","100","Çok Yüksek"
"21","Hexa Studio Marketing Agency","Marketing agency","89 Ataturk avenue, Baku 1069 89, 1069 Ataturk avenue, Baku 1069, Azerbaijan","","","+994 51 753 27 75","Victor Ogunbode","Kurucu / CEO","Google AI Overview","5","14","100","Çok Yüksek"
"22","Ondigital Agency","Advertising agency","10th floor / № 1003, Old Town Plaza, 123 Bəşir Səfəroğlu Küçəsi, Baku 1009, Azerbaijan","https://ondigital.az/?utm_source=google&utm_medium=organic&utm_campaign=gmb","office@ondigital.az","+994 55 431 47 50","Erick Lopez","CEO, Founder","https://www.linkedin.com/in/covereddigitalmarketingagency","5","7","100","Çok Yüksek"
"23","Brandup","Marketing agency","88A, 1010 Azadlıq Prospekti, Bakı, Azerbaijan","http://www.brandup.az/","info@brandup.az","+994 50 206 16 04","Danara Kizzy Kuhn","Kurucu / CEO","Google AI Overview","4.9","19","100","Çok Yüksek"
"24","Aventus Digital Marketinq","Marketing agency","3 Tac"" Binaları, 78E Zerdabi Ave, Baku 1122, Azerbaijan","https://aventusconsultancy.com/","info@aventusconsultancy.com","+994 55 213 03 77","Zubayed Feroz","Kurucu / CEO","Google AI Overview","5","178","100","Çok Yüksek"
"25","MarLab","Marketing agency","40 Jafar Jabbarli street, Baku, Azerbaijan","https://marlab.az/","info@marlab.az","+994 10 315 30 04","Ali Badalov","CEO / Kurucu","https://marlab.az/en","4.9","88","100","Çok Yüksek"
"26","Baku Creative Projects","Marketing agency","Aşıq Molla Cümə, Bakı, Azerbaijan","https://bcp.az/","info@bcp.az","+994 55 500 50 15","Farid Badalov","Основатель и Директор","https://az.linkedin.com/in/farid-badalov-8a4281235","4.9","50","100","Çok Yüksek"
"27","Aghabala Mammadov - SEO Xidməti, Veb saytların hazırlanması, Rəqəmsal Marketinq Xidmətləri","Marketing consultant","Turan Biznes Mərkəzi, Ahmad Rajabli, Baku 1065, Azerbaijan","https://aghabala.az/","aghabalamammadov@gmail.com","+994 50 394 81 74","Aghabala Mammadov","🎯Full","https://az.linkedin.com/in/aghabalamammadov","5","106","100","Çok Yüksek"
"28","Mediamark Digital Agency - Baku, AZ","Marketing agency","Ağ Şəhər, 1 Yasil ada kucesi, Baku 1025, Azerbaijan","https://mediamark.digital/","info@mediamark.digital","","Faruk Kocabaş","COO of MediaMarktSaturn and CEO ...","https://es.linkedin.com/in/farukkocabas","5","2","100","Çok Yüksek"
"29","Beyinix • marketing agency","Marketing agency","Knightsbridge Residence, 122 Mərkəzi bulvar küçəsi, Baku 1025, Azerbaijan","http://www.beyinix.az/","info@beyinix.az","+994 99 355 20 30","Belirtilmedi","","","4.9","232","100","Çok Yüksek"
"30","BranDoc. Agency","Marketing agency","2nd Yashil Ada str, Baku 1000, Azerbaijan","https://brandoc.az/","info@brandoc.az","+994 51 312 11 67","Narendran Damodaran","Founder","https://in.linkedin.com/in/freenaren","5","17","100","Çok Yüksek"
"31","Digital Marketing Baku","Marketing agency","61 Ogtay Karimov, Baku, Azerbaijan","http://dimktg.com/","info@dimktg.com","+994 77 117 24 75","Tabriz Heydarov","Founder & CEO","https://az.linkedin.com/in/tabriz-heydarov-06391457","5","3","100","Çok Yüksek"
"32","JUGAAD Agency","Marketing agency","4 Nizami Gəncəvi, Bakı 1000, Azerbaijan","http://www.jugaad.az/","info@jugaad.az","+994 50 962 00 15","Belirtilmedi","","","5","28","100","Çok Yüksek"
"33","Sharaf Media","Advertising agency","10th floor, Azure Business Center, Bakı 1025, Azerbaijan","https://sharafmedia.az/","info@sharafmedia.az","+994 70 491 07 07","Belirtilmedi","","","5","44","100","Çok Yüksek"
"34","McCann Baku","Advertising agency","Passage 1901, 12 Nigar Rafibayli Street Baku AZ, 1001 Nigar Rafibayli, Bakı, Azerbaijan","https://www.mccann.az/","info@mccann.az","+994 12 492 35 35","Rovshane Aliyeva","CEO / Kurucu","https://az.linkedin.com/company/mccann-baku","5","1","100","Çok Yüksek"
"35","Impler Digital Agency","Advertising agency","55 Zarifa Aliyeva St, Baku 1000, Azerbaijan","http://www.impler.com/","info@impler.com","+994 55 228 51 53","Belirtilmedi","","","5","3","100","Çok Yüksek"
"36","Havas Media Azerbaijan","Advertising agency","609 Jafar Jabbarli street, Baku 1065, Azerbaijan","https://havas.az/","info@havas.az","+994 12 409 14 34","Ceren Çubukçu","CEO at Havas Istanbul","https://tr.linkedin.com/in/cerencubukcu","5","10","100","Çok Yüksek"
"37","DigiBoom Marketing Agency Baku","Marketing agency","49b Ahmad Rajabli, Baku 1000, Azerbaijan","http://digiboom.az/","info@digiboom.az","+994 10 315 99 18","Sanana Askerova","CEO / Kurucu","https://az.linkedin.com/company/digiboom-az","5","1","100","Çok Yüksek"
"38","PR!ME agency","Marketing agency","3, Fatali Khan Khoyski str / Hasanoglu str Premier Residence, block B2, floor, Baku, Azerbaijan","https://linktr.ee/primeagency.live","info@linktr.ee","+994 12 464 51 15","Farid Mammadov","Chief Executive Officer at Baku ...","https://az.linkedin.com/in/phareed","5","5","100","Çok Yüksek"
"39","Dr Digital - Social Media & Digital Marketing","Internet marketing service","Anvar Huseynov 7, Baku 1009, Azerbaijan","https://www.drdigital.az/","info@drdigital.az","+994 50 974 44 33","Kostas Alekoglu","Helping clinics gain more customers. ...","https://uk.linkedin.com/in/kostasalekoglu","4.8","4","100","Çok Yüksek"
"40","SMM agency","Advertising agency","Mirali Seyidov, Baku 2011, Azerbaijan","","","+994 50 577 32 12","Belirtilmedi","","","4.3","13","100","Çok Yüksek"
"41","Y Marketing Agency","Marketing agency","148 Ziya Bünyadov, Baku 1108, Azerbaijan","","","+994 51 566 35 32","Evren Kacar","Founder & CEO at DAN Global","https://uk.linkedin.com/in/evrenkacar","5","5","100","Çok Yüksek"
"42","Up And Social","Marketing agency","360 Athens St, Boston, MA 02127","https://www.upandsocial.com/?utm_source=google&utm_medium=organic&utm_campaign=gbp","hello@upandsocial.com","(857) 226-3133","Tia Christofi","CEO / Kurucu","https://www.instagram.com/p/DGNG1OiSH4r/","5","62","100","Çok Yüksek"
"43","İstanbul Web Design - İstanbul Web Tasarım Ajansı","Website designer","Turgut Özal, Orkide Cd. No:66, 34515 Esenyurt/İstanbul, Türkiye","https://www.istanbulwebdesign.com/","info@istanbulwebdesign.com","+49 170 9003053","Belirtilmedi","","","5","34","100","Çok Yüksek"
"44","Euromedy Web Design","Website designer","Mecidiyeköy Mahallesi, Kervan Geçmez Sk. Keskin İş Merkezi No:4, 34381 Şişli/İstanbul, Türkiye","https://www.euromedya.com/","info@euromedya.com","+90 212 272 48 84","Belirtilmedi","","","4.8","22","100","Çok Yüksek"
"45","Web Design Istanbul","Website designer","Byconcept Sitesi, Hasanpaşa Mahallesi Gişeler Sokak No:3/2 A2 Blok D:38, 34920 Sultanbeyli/İstanbul, Türkiye","https://www.xdizayn.net/","info@xdizayn.net","+90 216 419 02 29","Akın Nalça","Terminal Design şirketinde Founder / Partner","https://tr.linkedin.com/in/ak%C4%B1n-nal%C3%A7a-872b5518","4.7","13","100","Çok Yüksek"
"46","Webbilir","Website designer","Büyükdere Cad. No:257 Nurol Plaza 21/A Maslak, 34450 Sarıyer/İstanbul, Türkiye","https://www.webbilir.com/","info@webbilir.com","+90 552 209 90 96","Platformu Genel Sekreterliği","CEO / Genel Müdür","https://ceoplatformu.com/uye-iliskileri-kurulu/","4.9","41","100","Çok Yüksek"
"47","Vayes Kurumsal Web Tasarım - Sosyal Medya - Dijital Pazarlama Firması İstanbul","Website designer","Cumhuriyet Mahallesi, E-5 Yanyolu & 1992 Sok Vetro City Residence A Blok 8 Kat Ofis No :177, 34528 Beylikdüzü/İstanbul, Türkiye","https://www.vayes.com.tr/","info@vayes.com.tr","+90 212 855 94 04","Belirtilmedi","","","4.9","26","100","Çok Yüksek"
"48","Mavi Bulut Digital","Website designer","Gümüşsuyu, Tak-ı Zafer Cd., 34000 Beyoğlu/İstanbul, Türkiye","https://mavibulutnet.com/","info@mavibulutnet.com","+90 541 321 91 05","Cüneyt Yavuz","CEO / Genel Müdür","https://www.youtube.com/watch?v=koTPY7Cy-Ds","5","19","100","Çok Yüksek"
"49","Web Tasarım, Web Yazılım | İstanbul Web Ajans","Website designer","Soğanlı Mh. Çavuşpaşa Cad, Sengül Sokağı No:9, 34180 Bahçelievler/İstanbul, Türkiye","https://istanbulwebajans.com/","info@istanbulwebajans.com","+90 212 993 15 01","Belirtilmedi","","","4.8","16","100","Çok Yüksek"
"50","Web Tasarım Ajansı Web Studio Dijital Ajans","Website designer","CANAN BUSINESS, Küçükbakkalköy, Selvili Sok. No:4 Daire:77, 34750 Ataşehir/İstanbul, Türkiye","https://www.ws.com.tr/","info@ws.com.tr","+90 216 469 20 11","Belirtilmedi","","","4.8","71","100","Çok Yüksek"
"51","Web Ajans - Web Tasarım, SEO, Dijital Pazarlama ve Reklam Ajansı","Website designer","Halaskargazi, Ayla Algan Sok. NO:30, 34371 Şişli/İstanbul, Türkiye","https://www.webajans.com/","info@webajans.com","+90 532 300 09 79","Belirtilmedi","","","4.7","29","100","Çok Yüksek"
"52","Grimor Web Tasarım & Yazılım Firması","Website designer","Büyükdere Cd. Hayat Apt. No:28 K:1 D:2, Mecidiyeköy Mahallesi, 34394 Şişli/İstanbul, Türkiye","https://www.grimor.com/","info@grimor.com","+90 212 272 46 00","Belirtilmedi","","","4.7","68","100","Çok Yüksek"
"53","Master Web Premium Yazılım Ajansı","Website designer","19 Mayıs mah. Halaskargazi cad. Çiftkurt No: 226/24, 34360 Şişli/İstanbul, Türkiye","https://mastertasarim.com/","info@mastertasarim.com","+90 850 242 4393","Belirtilmedi","","","4.3","45","100","Çok Yüksek"
"54","Web design company in Istanbul | Florid Studio","Website designer","15, Talatpaşa, Anka Sok., 34400 Kağıthane/İstanbul, Türkiye","","","+90 553 575 30 99","Girişimci Eğitmen Orhan","Kurucu / CEO","Google AI Overview","5","1","100","Çok Yüksek"
"55","Social Media Management","Marketing agency","İskenderpaşa, Horhor Cd. No:36, 34080 Fatih/İstanbul, Türkiye","https://www.fiverr.com/uffaqzahra","info@fiverr.com","+90 506 793 00 78","Kostas Alekoglu","Helping clinics gain more customers. ...","https://uk.linkedin.com/in/kostasalekoglu","5","3","100","Çok Yüksek"
"56","Social Month Digital Marketing Agency","Marketing agency","Ataköy 7-8-9-10. Kısım Mahallasi, No:12, kat:9/A82, Nivo Atakoy, 34158 Bakırköy/İstanbul, Türkiye","https://socialmonth.com/","info@socialmonth.com","+971 50 178 2212","Peter Markel","Social media marketing agency owner & ...","https://www.linkedin.com/in/peter-markel","5","19","100","Çok Yüksek"
"57","Tykhe.co - Digital Marketing and Social Media Management Agency","Marketing agency","Barbaros, Halk Cd. Palladium Residence A Blok No:8 A/3, 34746 Ataşehir/İstanbul, Türkiye","https://www.tykhe.co/","info@tykhe.co","+90 216 222 00 25","Tia Christofi","CEO / Kurucu","https://www.instagram.com/p/DGNG1OiSH4r/","5","35","100","Çok Yüksek"
"58","Watsspace Digital Marketing Solutions","Marketing agency","Allure Tower, Üniversite, Civan Sk. No: 1, 34513 Avcılar/İstanbul, Türkiye","https://watsspace.com/","info@watsspace.com","","Yovan Dass","Founder & CEO, TRYMYWEBSITES™","https://in.linkedin.com/in/yovan-dass-170218339","5","25","100","Çok Yüksek"
"59","Survivor Dijital Medya Pazarlama Ajansı - Dijital Reklam- Performans Pazarlama","Marketing agency","Quasar İstanbul, Mecidiyeköy Mahallesi, Büyükdere Cd. No:76 Kat:13 D.No:188, 34394 Şişli/İstanbul, Türkiye","https://www.survivor.com.tr/","info@survivor.com.tr","","Belirtilmedi","","","4.8","50","100","Çok Yüksek"
"60","Duo İstanbul Marketing","Marketing agency","Atatürk Bulvarı, Ertuğrul Gazi Sk. Metropol İstanbul İç Kapı No 225, 34758 Ataşehir/İstanbul, Türkiye","https://duoistanbul.com/","info@duoistanbul.com","+90 532 053 27 68","Belirtilmedi","","","5","47","100","Çok Yüksek"
"61","ROIPUBLIC Performans ve SEO Ajansı - İstanbul","Internet marketing service","Nidakule Ataşehir Kuzey, Barbaros, Begonya Sk. No:3 K:2, D:73, 34746 Ataşehir/İstanbul, Türkiye","https://www.roipublic.com/","hello@roipublic.com","+90 850 259 9400","Belirtilmedi","","","4.9","73","100","Çok Yüksek"
"62","Scarlet Media","Advertising agency","Feneryolu, Bağdat Cad. 81/9, 34724 Kadıköy/İstanbul, Türkiye","https://www.scarletmedia.net/tr/","mail@scarletmedia.net","+90 216 550 68 69","Belirtilmedi","","","4.9","63","100","Çok Yüksek"
"63","Frogs Agency","Marketing agency","Medicana Hastanesi Yanı, Büyükşehir, E-5 Yanyolu Üzeri, 34520 Beylikdüzü/İstanbul, Türkiye","https://www.frogmediaagency.com/","info@frogmediaagency.com","+90 546 769 23 39","Dan Sharp","Co","https://uk.linkedin.com/in/dansharpseo","4.9","14","100","Çok Yüksek"
"64","Abays Medya Danışmanlık ve Reklam Ajansı - İstanbul","Advertising agency","Suadiye, Bağdat Cad. No:348, 34740 Kadıköy/İstanbul, Türkiye","http://abaysmedia.com/","info@abaysmedia.com","+90 216 999 88 34","Belirtilmedi","","","5","41","100","Çok Yüksek"
"65","Soneo Creative Works","Advertising agency","Kemankeş Karamustafa Paşa, Mumhane Cd. No:57 Kat 3, 34425 Beyoğlu/İstanbul, Türkiye","http://www.soneocreative.com/","info@soneocreative.com","+90 534 811 22 32","Belirtilmedi","","","5","66","100","Çok Yüksek"
"66","Sunrise Global Dijital Pazarlama Performans Ajansı I Sosyal Medya I Dijital Reklam I Fotoğraf & Video Prodüksiyon","Advertising agency","İçerenköy Mah Eski Üsküdar Yolu Cad Topçu İbrahim Sok No: 7 Kat: 5 D: 11, 34000 Ataşehir, Türkiye","http://sunriseglobal.net/","info@sunriseglobal.net","+90 531 733 55 17","Belirtilmedi","","","5","58","100","Çok Yüksek"
"67","Garraje","Marketing agency","Nisbetiye, Nisbetiye Cd No :30 Kat:4, No :25, 34340 Beşiktaş/İstanbul, Türkiye","https://garraje.com/","info@garraje.com","+90 534 717 82 27","Ahmet Çoban","Kurucu / CEO","Google AI Overview","4.7","46","100","Çok Yüksek"
"68","İ00 Digital Marketing Consultancy","Marketing consultant","Saray Apt, Halaskargazi, Halaskargazi Cd. No:141 D:5 Kat:3, 34371 Şişli/İstanbul, Türkiye","https://i00.co/","info@i00.co","+90 537 419 70 62","Belirtilmedi","","","4.9","37","100","Çok Yüksek"
"69","Level Advertising - Istanbul | Sosyal Medya | Web Tasarım & Yazılım | Dijital Reklam Ajansı","Advertising agency","Esentepe Mah. Büyükdere Cad. Plaza 195, NO:195, Kat: 5, Levent, 34394 Şişli/İstanbul, Türkiye","http://www.levelistanbul.com/","info@levelistanbul.com","+90 533 840 99 93","Ahmet Yaman","CMO","https://tr.linkedin.com/in/ahmet-yaman-05791839/en","5","74","100","Çok Yüksek"
"70","ZEYMEDYA REKLAM AJANSI | İSTANBUL REKLAM VE SEO AJANSI, DİJİTAL PAZARLAMA AJANSI, SOSYAL MEDYA AJANSI, 360 REKLAM","Advertising agency","Çağlayan, Latif Sk. No:3, 34403 Kağıthane/İstanbul, Türkiye","https://zeymedya.com/","info@zeymedya.com","+90 530 236 00 25","Muhammet Fatih Öztürk","Kurucu / CEO","Google AI Overview","5","76","100","Çok Yüksek"
"71","Boomerang İstanbul","Advertising agency","Halaskargazi, Halaskargazi Cd. No:12/5, 34371 Şişli/İstanbul, Türkiye","","","+90 212 225 00 64","Belirtilmedi","","","4.8","5","100","Çok Yüksek"
"72","Socialp Media - Sosyal Medya Ajansı","Advertising agency","Zuhuratbaba, İncirli Cd. No:69, 34147 Bakırköy/İstanbul, Türkiye","https://www.socialpmedia.com/","hello@socialpmedia.com","+90 540 034 69 69","Belirtilmedi","","","5","22","100","Çok Yüksek"
"73","51 Digital: Dijital Pazarlama Ajansı - SEO Ajansı, Reklam Şirketi","Advertising agency","İçerenköy, Çayır Cd No: 2, 34752 Ataşehir/İstanbul, Türkiye","https://www.51.com.tr/","info@51.com.tr","+90 546 110 51 51","Sercan Coşkunoğlu","CEO / Kurucu","https://www.dpedijital.com/hakkimizda/","5","15","100","Çok Yüksek"
"74","Amber Digital Agency | Dijital Pazarlama Ajansı","Marketing agency","Yenişehir, Ankara Cd. No: 403-1/1, 34912 Pendik/İstanbul, Türkiye","https://amberdijital.com/","info@amberdijital.com","+90 543 128 88 46","Amber Vodegel","Founder & CEO, 28X","https://uk.linkedin.com/in/amber-vodegel-0995556","5","87","100","Çok Yüksek"
"75","Digipeak Agency - Dijital Pazarlama Ajansı","Advertising agency","Ömer avni mahallesi, Gümüşsuyu, Emektar Sk. No:14, 34427 Beyoğlu/İstanbul, Türkiye","https://digipeak.org/tr/","info@digipeak.org","+90 544 838 52 39","Ufuk Yalvaç","Kurucu / CEO","Google AI Overview","4.9","44","100","Çok Yüksek"
"76","İstanbul SEO Ajansı - Aora Digital | Web Tasarım ve Dijital Pazarlama","Advertising agency","Atatürk, Turgut Özal Blv. No:10/1 K:2 İç Kapı No:9, 34758 Ataşehir/İstanbul, Türkiye","https://www.aora.com.tr/","ugurbasar@aora.com.tr","+90 216 580 97 20","Belirtilmedi","","","5","42","100","Çok Yüksek"
"77","Magna Dijital Pazarlama Ajansı","Marketing agency","Balmumcu Mah. Gazi Umur Paşa Sok. Balmumcu Plaza 4 No: 36 D: 2, 34349 Beşiktaş/İstanbul, Türkiye","https://www.magnadijital.com.tr/","info@magnadijital.com.tr","+90 850 333 8091","Belirtilmedi","","","4.8","27","100","Çok Yüksek"
"78","DIRECT GROUP - Digital Marketing Company","Internet marketing service","Akşemsettin, Sarı Nasuh Sk. AHENK APT BLOK NO: 17B, 34080 Fatih/İstanbul, Türkiye","","","+90 536 480 92 91","Rudy Kazal","CEO / Kurucu","https://www.edirect.ae/the-team/","5","20","100","Çok Yüksek"
"79","Touch Digital I Dijital Pazarlama Ajansı","Marketing agency","Barbaros, Lale Sok. My Office İş Merkezi No: 2/13, 34746 Ataşehir/İstanbul, Türkiye","https://touchdi.com/","hi@touchdi.com","+90 534 460 19 96","Sumru Deniz Yeşil","Kurucu / CEO","Google AI Overview","5","11","100","Çok Yüksek"
"80","Sempeak | Performans Pazarlama ve SEO Ajansı","Marketing agency","Altunizade, Sırma Perde Sk. No:25, 34662 Üsküdar/İstanbul, Türkiye","https://www.sempeak.com/","info@sempeak.com","+90 216 550 01 35","Belirtilmedi","","","4.1","26","100","Çok Yüksek"
"81","Bossy Digital Dijital Pazarlama ve Performans Ajansı - İstanbul","Advertising agency","Esentepe mh. Talatpaşa cd. No: 5 İç Kapı No: 1, 34394 Şişli/İstanbul, Türkiye","https://bossydigital.com/","info@bossydigital.com","+90 212 993 13 97","Faruk Kabadağ","CEO / Kurucu","https://www.linkedin.com/company/bossydigital/","5","13","100","Çok Yüksek"
"82","Globa Dijital Reklam Ajansı","Marketing agency","İzzet Paşa, Yeni Yol Cd. NUROL TOWER KAT: 31 OFİS NO: 3104, 34000 Şişli/İstanbul, Türkiye","https://globadigital.com/","info@globadijital.com","+90 535 269 57 32","Recep Koca","Founder & CEO at Lojistik Evreni Digital ...","https://tr.linkedin.com/in/recepkoca/en","5","20","100","Çok Yüksek"
"83","İstanbul Reklam Ajans & İRA Dijital Pazarlama Ajansı","Marketing agency","Küçükbakkalköy, Nergis Sk no18/24, 34768 Ataşehir/İstanbul, Türkiye","https://www.istanbulreklamajans.com/","info@istanbulreklamajans.com","+90 530 219 30 72","Belirtilmedi","","","5","20","100","Çok Yüksek"
"84","Lead Magneters - Digital marketing agency in Istanbul, SEO company in Turkey","Marketing agency","Bahçeşehir 1. Kısım, Fırat Cd., 34488 Başakşehir/İstanbul, Türkiye","https://leadmagneters.com/","info@leadmagneters.com","+90 530 307 22 74","Belirtilmedi","","","5","3","100","Çok Yüksek"
"85","Nansa Marketing & Ecommerce Agency","Marketing agency","Huzur, Azerbaycan Cd., 34396 Sarıyer/İstanbul, Türkiye","https://www.nansa.com.tr/","info@nansa.com.tr","+90 501 338 13 38","Belirtilmedi","","","5","4","100","Çok Yüksek"
"86","INDOLES Creative & E-Commerce Agency","Marketing agency","Esentepe Talatpaşa Caddesi No:5 Harman Sok. Girişi, 34394 Şişli/İstanbul, Türkiye","https://www.indoles.com.tr/","digital@indoles.com.tr","+90 536 247 60 12","Charina Widjaja","CEO / Kurucu","https://www.ecommerceexpo-dmexco.asia/2025-speaker-list","5","5","100","Çok Yüksek"
"87","Benji's Digital","E commerce agency","Evliya Çelebi, Sadi Konuralp Cd. No: 5/2, 34430 Beyoğlu/İstanbul, Türkiye","https://www.benjisdigital.com/","hello@benjisdigital.com","+90 532 154 11 20","Emir Bengiserp","Kurucu / CEO","Google AI Overview","5","3","100","Çok Yüksek"
"88","SN Marketing & Ecommerce Agency","Marketing agency","Huzur mah Azerbaycan cd skyland, 34475 Sarıyer/İstanbul, Türkiye","https://snmarketinghub.com/","info@snmarketinghub.com","+90 501 338 13 38","Yılmaz Bozan","CEO / Genel Müdür","https://www.revolutiondm.com/","","","100","Çok Yüksek"
"89","DxGreat","Marketing agency","Esentepe, Keskin Kalem Sok. No:41, 34394 Şişli/İstanbul, Türkiye","http://www.dxgreat.com/","info@dxgreat.com","","Deniz Ozgur","CEO / Kurucu","https://www.youtube.com/watch?v=7mZBNsqLrs0","5","8","100","Çok Yüksek"
"90","clickzone - Growth Marketing Agency","Internet marketing service","Konaklar, Selvili Sokağı Emlak Bankası Apartmanı, No:2 D:38, 34330 Beşiktaş/İstanbul, Türkiye","https://clickzone.io/","hello@clickzone.io","+90 850 304 1191","Alper Boyer","VP of Growth at clickzone","https://tr.linkedin.com/in/alperboyer","5","15","100","Çok Yüksek"
"91","Kurumsal SEO Ajansı - Mobitek","Advertising agency","BUSINESS ISTANBUL, Merdivenköy Mah. Yumurtacı Abdi Bey Cd, Merdivenköy, Dikyol Sk. No:10 B Blok / D:16, 34732 Kadıköy/İstanbul, Türkiye","https://mobitek.com/","iletisim@mobitek.com","+90 216 418 08 84","Belirtilmedi","","","4.4","28","100","Çok Yüksek"
"92","Wetasome – İstanbul Web Tasarım, E-Ticaret, SEO, Sosyal Medya, Reklam ve Dijital Danışmanlık Ajansı","Website designer","Nine Hatun, İnönü Cd. Akman Ticaret Merkezi No : 11 K:4 D:52, 34200 Esenler/İstanbul, Türkiye","https://www.wetasome.com/","info@wetasome.com","+90 538 978 42 26","Alim Şentürk","CEO / Kurucu","https://www.butagrup.com.tr/team?lang=tr","5","164","100","Çok Yüksek"
"93","Positive A Digital Approach","E commerce agency","Şahkulu, Serdar-ı Ekrem Cd. No:15/A, 34421 Beyoğlu/İstanbul, Türkiye","http://www.positive.com.tr/","info@positive.com.tr","+90 212 403 54 34","Belirtilmedi","","","4.5","8","100","Çok Yüksek"
"94","Piksel - Kurumsal Web Tasarım Ajansı - İstanbul Ataşehir","Website designer","Nidakule Ataşehir Kuzey, Barbaros, Begonya Sk. No:3 İç Kapı No:73, 34746 Ataşehir/İstanbul, Türkiye","https://piksel.agency/","hello@piksel.agency","+90 232 683 55 85","Belirtilmedi","","","5","20","100","Çok Yüksek"
"95","RekClick 360° Dijital Pazarlama Ajansı & Reklam Ajansı","Advertising agency","Sultan Selim, Turan Sokağı No:6 LEVENT NO5 Plaza 4.Levent, 34415 Kağıthane/İstanbul, Türkiye","https://www.rekclick.com/","info@rekclick.com","+90 212 269 95 96","Mustafa Çelik","Head of Agency","https://tr.linkedin.com/in/mustafacelik1","5","19","100","Çok Yüksek"
"96","Crabs Media | SEO | GEO | Web Tasarımı | Performans Pazarlama Ajansı","Website designer","Mecidiyeköy Mahallesi, Şht. Ahmet Sok. Ada Residence N0: 6-10 İç Kapı No: 24, 34387 Şişli/İstanbul, Türkiye","http://www.crabsmedia.com/","info@crabsmedia.com","+90 553 089 26 59","Belirtilmedi","","","4.9","32","100","Çok Yüksek"
"97","İstanbul SEO Ajansı - Work Medya Dijital Ajans","Advertising agency","Gayrettepe, Yıldız Posta Cd. No:30/2, 34394 Beşiktaş/İstanbul, Türkiye","https://www.workmedya.com/","info@workmedya.com","+90 212 327 33 27","Belirtilmedi","","","3.8","10","100","Çok Yüksek"
"98","شركة تسويق | Apollo Agency","Marketing agency","Üniversite Mah. E-5 Yan Yol Üzeri, Çınar Sk. No:1 D:4, 34320 Avcılar/İstanbul, Türkiye","https://apollo-agency.com/","info@apollo-agency.com","+90 552 833 02 33","Belirtilmedi","","","4.1","27","100","Çok Yüksek"
"99","Alvonso Marketing Agency","Marketing agency","30-22 44th St #2L, Astoria, NY 11103","https://alvonso.com/","support@alvonso.com","(347) 926-8669","Olven Naggara","Founder of Alvonso Marketing Agency","https://www.linkedin.com/in/olven-naggara-732b3b284","5","43","100","Çok Yüksek"
"100","Dijital Ankara","Marketing agency","Maltepe, Özveren Sk. No:2 D:19, 06570 Çankaya/Ankara, Türkiye","https://dijitalankara.com/","info@dijitalankara.com","+90 555 151 91 29","İmran Gürakan","CEO & Co","https://tr.linkedin.com/in/imrangurakan","5","115","100","Çok Yüksek"