"Sira","Sirket Adi","Kategori","Adres/Sehir","Web Sitesi","E-mail","Telefon","Google Puani","Yorum Sayisi","Ovlink Skoru","Oncelik"
"1","iSpace","Electronics store","151 Neftchilar Ave, Baku 1025, Azerbaijan","https://ispace.az/","","+994 12 464 04 34","4.8","22","100","Cok Yuksek"
"2","NC GROUP","Advertising agency","94 Hasan bey Zardabi St, Baku 1012, Azerbaijan","https://ncgroup.az/","","+994 51 230 26 16","5","26","100","Cok Yuksek"
"3","Make Agency — Saytlarin Hazirlanmasi, SMM Xidmeti, SEO Xidmeti","Advertising agency","7 Badamdar Shosesi, Baku 1021, Azerbaijan","https://make.az/","","+994 55 755 89 01","5","14","100","Cok Yuksek"
"4","Admedia Reklam Agentliyi","Advertising agency","Əbdüləzəl Dəmirçizadə 2G, Bakı 1008, Azerbaijan","http://admedia.az/","","+994 55 270 70 48","4.8","25","100","Cok Yuksek"
"5","Etna Group Advertising Agency","Design agency","Park, Azure biznes mərkəzi, 8 November Ave, Baku, Azerbaijan","http://etnagroup.az/","","+994 50 290 00 29","5","2","100","Cok Yuksek"
"6","Medium Creative Agency | saytların hazırlanması","E commerce agency","1, 52A Əhməd Rəcəbli, Bakı 1075, Azerbaijan","https://medium.az/","","+994 70 815 11 77","5","19","100","Cok Yuksek"
"7","WebRain","Marketing agency","35 Matbuat avenue, Baku 1141, Azerbaijan","https://www.webrain.az/","","+994 70 900 80 99","5","25","100","Cok Yuksek"
"8","webline","Website designer","5 Heydar Aliyev Ave, Baku 1033, Azerbaijan","https://webline.az/","","+994 55 728 48 48","5","25","100","Cok Yuksek"
"9","ONE studio - Creative Agency | Web development | SMM | Branding","Marketing agency","101 Zərgərpalan, Bakı 1009, Azerbaijan","https://one.az/","","+994 55 475 24 00","5","7","100","Cok Yuksek"
"10","Jake's Web Design & Marketing","Website designer","3176 W Willow Bnd, Lehi, UT 84043","http://jakeswebandmarketing.com/","","(385) 331-6065","5","106","100","Cok Yuksek"
"11","Davis Designs","Website designer","7984 S 1300 E, Sandy, UT 84094","http://daviscreate.com/","","(385) 474-9887","5","125","100","Cok Yuksek"
"12","Trustme Digital","Marketing agency","11/31 Babək prosp, Bakı 1025, Azerbaijan","https://trustmedigital.com/","","+994 50 202 33 15","5","29","100","Cok Yuksek"
"13","Good Day Azerbaijan","Internet marketing service","86 Nizami St, Baku 1001, Azerbaijan","https://www.instagram.com/goodday.azerbaijan","","+994 55 953 23 48","5","6","100","Cok Yuksek"
"14","Utah Web Design Pros","Website designer","8817 Redwood Rd Suite A10, West Jordan, UT 84088","https://www.utahwebdesignpros.com/","","(801) 871-5251","4.8","25","100","Cok Yuksek"
"15","Beyvin Digital","Marketing agency","1/23 Ahmad Rajabli str, Baku 1075, Azerbaijan","https://beyvin.com/","","+994 70 277 66 01","5","12","100","Cok Yuksek"
"16","Jeykhun Imanov Studio (JIS) - Digital Transformation Agency","Advertising agency","Caspian Plaza, 3rd Block, 3rd floor. J.Jabbarli str. 44, Baku, AZ1065, Baku 1065, Azerbaijan","https://www.jis.az/","","+994 77 404 99 00","5","7","100","Cok Yuksek"
"17","RegemsalElement - digital marketing agency","Internet marketing service","92 Nizami St, Baku 1016, Azerbaijan","https://regemsalelement.com/az/services/","","+994 51 310 82 05","5","5","100","Cok Yuksek"
"18","Hexa Studio Marketing Agency","Marketing agency","89 Ataturk avenue, Baku 1069 89, 1069 Ataturk avenue, Baku 1069, Azerbaijan","","","+994 51 753 27 75","5","14","100","Cok Yuksek"
"19","Ondigital Agency","Advertising agency","10th floor / № 1003, Old Town Plaza, 123 Bəşir Səfəroğlu Küçəsi, Baku 1009, Azerbaijan","https://ondigital.az/?utm_source=google&utm_medium=organic&utm_campaign=gmb","","+994 55 431 47 50","5","7","100","Cok Yuksek"
"20","Brandup","Marketing agency","88A, 1010 Azadlıq Prospekti, Bakı, Azerbaijan","http://www.brandup.az/","","+994 50 206 16 04","4.9","19","100","Cok Yuksek"
"21","Aventus Digital Marketinq","Marketing agency","3 Tac"" Binaları, 78E Zerdabi Ave, Baku 1122, Azerbaijan","https://aventusconsultancy.com/","","+994 55 213 03 77","5","178","100","Cok Yuksek"
"22","MarLab","Marketing agency","40 Jafar Jabbarli street, Baku, Azerbaijan","https://marlab.az/","","+994 10 315 30 04","4.9","88","100","Cok Yuksek"
"23","Baku Creative Projects","Marketing agency","Aşıq Molla Cümə, Bakı, Azerbaijan","https://bcp.az/","","+994 55 500 50 15","4.9","50","100","Cok Yuksek"
"24","Aghabala Mammadov - SEO Xidməti, Veb saytların hazırlanması, Rəqəmsal Marketinq Xidmətləri","Marketing consultant","Turan Biznes Mərkəzi, Ahmad Rajabli, Baku 1065, Azerbaijan","https://aghabala.az/","","+994 50 394 81 74","5","106","100","Cok Yuksek"
"25","Mediamark Digital Agency - Baku, AZ","Marketing agency","Ağ Şəhər, 1 Yasil ada kucesi, Baku 1025, Azerbaijan","https://mediamark.digital/","","","5","2","100","Cok Yuksek"
"26","Beyinix • marketing agency","Marketing agency","Knightsbridge Residence, 122 Mərkəzi bulvar küçəsi, Baku 1025, Azerbaijan","http://www.beyinix.az/","","+994 99 355 20 30","4.9","232","100","Cok Yuksek"
"27","BranDoc. Agency","Marketing agency","2nd Yashil Ada str, Baku 1000, Azerbaijan","https://brandoc.az/","","+994 51 312 11 67","5","17","100","Cok Yuksek"
"28","Digital Marketing Baku","Marketing agency","61 Ogtay Karimov, Baku, Azerbaijan","http://dimktg.com/","","+994 77 117 24 75","5","3","100","Cok Yuksek"
"29","JUGAAD Agency","Marketing agency","4 Nizami Gəncəvi, Bakı 1000, Azerbaijan","http://www.jugaad.az/","","+994 50 962 00 15","5","28","100","Cok Yuksek"
"30","Sharaf Media","Advertising agency","10th floor, Azure Business Center, Bakı 1025, Azerbaijan","https://sharafmedia.az/","","+994 70 491 07 07","5","44","100","Cok Yuksek"
"31","McCann Baku","Advertising agency","Passage 1901, 12 Nigar Rafibayli Street Baku AZ, 1001 Nigar Rafibayli, Bakı, Azerbaijan","https://www.mccann.az/","","+994 12 492 35 35","5","1","100","Cok Yuksek"
"32","Impler Digital Agency","Advertising agency","55 Zarifa Aliyeva St, Baku 1000, Azerbaijan","http://www.impler.com/","","+994 55 228 51 53","5","3","100","Cok Yuksek"
"33","Havas Media Azerbaijan","Advertising agency","609 Jafar Jabbarli street, Baku 1065, Azerbaijan","https://havas.az/","","+994 12 409 14 34","5","10","100","Cok Yuksek"
"34","DigiBoom Marketing Agency Baku","Marketing agency","49b Ahmad Rajabli, Baku 1000, Azerbaijan","http://digiboom.az/","","+994 10 315 99 18","5","1","100","Cok Yuksek"
"35","PR!ME agency","Marketing agency","3, Fatali Khan Khoyski str / Hasanoglu str Premier Residence, block B2, floor, Baku, Azerbaijan","https://linktr.ee/primeagency.live","","+994 12 464 51 15","5","5","100","Cok Yuksek"
"36","Dr Digital - Social Media & Digital Marketing","Internet marketing service","Anvar Huseynov 7, Baku 1009, Azerbaijan","https://www.drdigital.az/","","+994 50 974 44 33","4.8","4","100","Cok Yuksek"
"37","SMM agency","Advertising agency","Mirali Seyidov, Baku 2011, Azerbaijan","","","+994 50 577 32 12","4.3","13","100","Cok Yuksek"
"38","Y Marketing Agency","Marketing agency","148 Ziya Bünyadov, Baku 1108, Azerbaijan","","","+994 51 566 35 32","5","5","100","Cok Yuksek"
"39","Up And Social","Marketing agency","360 Athens St, Boston, MA 02127","https://www.upandsocial.com/?utm_source=google&utm_medium=organic&utm_campaign=gbp","","(857) 226-3133","5","62","100","Cok Yuksek"
"40","İstanbul Web Design - İstanbul Web Tasarım Ajansı","Website designer","Turgut Özal, Orkide Cd. No:66, 34515 Esenyurt/İstanbul, Türkiye","https://www.istanbulwebdesign.com/","","+49 170 9003053","5","34","100","Cok Yuksek"
"41","Euromedy Web Design","Website designer","Mecidiyeköy Mahallesi, Kervan Geçmez Sk. Keskin İş Merkezi No:4, 34381 Şişli/İstanbul, Türkiye","https://www.euromedya.com/","","+90 212 272 48 84","4.8","22","100","Cok Yuksek"
"42","Web Design Istanbul","Website designer","Byconcept Sitesi, Hasanpaşa Mahallesi Gişeler Sokak No:3/2 A2 Blok D:38, 34920 Sultanbeyli/İstanbul, Türkiye","https://www.xdizayn.net/","","+90 216 419 02 29","4.7","13","100","Cok Yuksek"
"43","Webbilir","Website designer","Büyükdere Cad. No:257 Nurol Plaza 21/A Maslak, 34450 Sarıyer/İstanbul, Türkiye","https://www.webbilir.com/","","+90 552 209 90 96","4.9","41","100","Cok Yuksek"
"44","Vayes Kurumsal Web Tasarım - Sosyal Medya - Dijital Pazarlama Firması İstanbul","Website designer","Cumhuriyet Mahallesi, E-5 Yanyolu & 1992 Sok Vetro City Residence A Blok 8 Kat Ofis No :177, 34528 Beylikdüzü/İstanbul, Türkiye","https://www.vayes.com.tr/","","+90 212 855 94 04","4.9","26","100","Cok Yuksek"
"45","Mavi Bulut Digital","Website designer","Gümüşsuyu, Tak-ı Zafer Cd., 34000 Beyoğlu/İstanbul, Türkiye","https://mavibulutnet.com/","","+90 541 321 91 05","5","19","100","Cok Yuksek"
"46","Web Tasarım, Web Yazılım | İstanbul Web Ajans","Website designer","Soğanlı Mh. Çavuşpaşa Cad, Sengül Sokağı No:9, 34180 Bahçelievler/İstanbul, Türkiye","https://istanbulwebajans.com/","","+90 212 993 15 01","4.8","16","100","Cok Yuksek"
"47","Web Tasarım Ajansı Web Studio Dijital Ajans","Website designer","CANAN BUSINESS, Küçükbakkalköy, Selvili Sok. No:4 Daire:77, 34750 Ataşehir/İstanbul, Türkiye","https://www.ws.com.tr/","","+90 216 469 20 11","4.8","71","100","Cok Yuksek"
"48","Web Ajans - Web Tasarım, SEO, Dijital Pazarlama ve Reklam Ajansı","Website designer","Halaskargazi, Ayla Algan Sok. NO:30, 34371 Şişli/İstanbul, Türkiye","https://www.webajans.com/","","+90 532 300 09 79","4.7","29","100","Cok Yuksek"
"49","Master Web Premium Yazılım Ajansı","Website designer","19 Mayıs mah. Halaskargazi cad. Çiftkurt No: 226/24, 34360 Şişli/İstanbul, Türkiye","https://mastertasarim.com/","","+90 850 242 4393","4.3","45","100","Cok Yuksek"
"50","Web design company in Istanbul | Florid Studio","Website designer","15, Talatpaşa, Anka Sok., 34400 Kağıthane/İstanbul, Türkiye","","","+90 553 575 30 99","5","1","100","Cok Yuksek"
"51","Social Media Management","Marketing agency","İskenderpaşa, Horhor Cd. No:36, 34080 Fatih/İstanbul, Türkiye","https://www.fiverr.com/uffaqzahra","","+90 506 793 00 78","5","3","100","Cok Yuksek"
"52","Social Month Digital Marketing Agency","Marketing agency","Ataköy 7-8-9-10. Kısım Mahallasi, No:12, kat:9/A82, Nivo Atakoy, 34158 Bakırköy/İstanbul, Türkiye","https://socialmonth.com/","","+971 50 178 2212","5","19","100","Cok Yuksek"
"53","Tykhe.co - Digital Marketing and Social Media Management Agency","Marketing agency","Barbaros, Halk Cd. Palladium Residence A Blok No:8 A/3, 34746 Ataşehir/İstanbul, Türkiye","https://www.tykhe.co/","","+90 216 222 00 25","5","35","100","Cok Yuksek"
"54","Watsspace Digital Marketing Solutions","Marketing agency","Allure Tower, Üniversite, Civan Sk. No: 1, 34513 Avcılar/İstanbul, Türkiye","https://watsspace.com/","","","5","25","100","Cok Yuksek"
"55","Survivor Dijital Medya Pazarlama Ajansı - Dijital Reklam- Performans Pazarlama","Marketing agency","Quasar İstanbul, Mecidiyeköy Mahallesi, Büyükdere Cd. No:76 Kat:13 D.No:188, 34394 Şişli/İstanbul, Türkiye","https://www.survivor.com.tr/","","","4.8","50","100","Cok Yuksek"
"56","Duo İstanbul Marketing","Marketing agency","Atatürk Bulvarı, Ertuğrul Gazi Sk. Metropol İstanbul İç Kapı No 225, 34758 Ataşehir/İstanbul, Türkiye","https://duoistanbul.com/","","+90 532 053 27 68","5","47","100","Cok Yuksek"
"57","ROIPUBLIC Performans ve SEO Ajansı - İstanbul","Internet marketing service","Nidakule Ataşehir Kuzey, Barbaros, Begonya Sk. No:3 K:2, D:73, 34746 Ataşehir/İstanbul, Türkiye","https://www.roipublic.com/","","+90 850 259 9400","4.9","73","100","Cok Yuksek"
"58","Scarlet Media","Advertising agency","Feneryolu, Bağdat Cad. 81/9, 34724 Kadıköy/İstanbul, Türkiye","https://www.scarletmedia.net/tr/","","+90 216 550 68 69","4.9","63","100","Cok Yuksek"
"59","Frogs Agency","Marketing agency","Medicana Hastanesi Yanı, Büyükşehir, E-5 Yanyolu Üzeri, 34520 Beylikdüzü/İstanbul, Türkiye","https://www.frogmediaagency.com/","","+90 546 769 23 39","4.9","14","100","Cok Yuksek"
"60","Abays Medya Danışmanlık ve Reklam Ajansı - İstanbul","Advertising agency","Suadiye, Bağdat Cad. No:348, 34740 Kadıköy/İstanbul, Türkiye","http://abaysmedia.com/","","+90 216 999 88 34","5","41","100","Cok Yuksek"
"61","Soneo Creative Works","Advertising agency","Kemankeş Karamustafa Paşa, Mumhane Cd. No:57 Kat 3, 34425 Beyoğlu/İstanbul, Türkiye","http://www.soneocreative.com/","","+90 534 811 22 32","5","66","100","Cok Yuksek"
"62","Sunrise Global Dijital Pazarlama Performans Ajansı I Sosyal Medya I Dijital Reklam I Fotoğraf & Video Prodüksiyon","Advertising agency","İçerenköy Mah Eski Üsküdar Yolu Cad Topçu İbrahim Sok No: 7 Kat: 5 D: 11, 34000 Ataşehir, Türkiye","http://sunriseglobal.net/","","+90 531 733 55 17","5","58","100","Cok Yuksek"
"63","Garraje","Marketing agency","Nisbetiye, Nisbetiye Cd No :30 Kat:4, No :25, 34340 Beşiktaş/İstanbul, Türkiye","https://garraje.com/","","+90 534 717 82 27","4.7","46","100","Cok Yuksek"
"64","İ00 Digital Marketing Consultancy","Marketing consultant","Saray Apt, Halaskargazi, Halaskargazi Cd. No:141 D:5 Kat:3, 34371 Şişli/İstanbul, Türkiye","https://i00.co/","","+90 537 419 70 62","4.9","37","100","Cok Yuksek"
"65","Level Advertising - Istanbul | Sosyal Medya | Web Tasarım & Yazılım | Dijital Reklam Ajansı","Advertising agency","Esentepe Mah. Büyükdere Cad. Plaza 195, NO:195, Kat: 5, Levent, 34394 Şişli/İstanbul, Türkiye","http://www.levelistanbul.com/","","+90 533 840 99 93","5","74","100","Cok Yuksek"
"66","ZEYMEDYA REKLAM AJANSI | İSTANBUL REKLAM VE SEO AJANSI, DİJİTAL PAZARLAMA AJANSI, SOSYAL MEDYA AJANSI, 360 REKLAM","Advertising agency","Çağlayan, Latif Sk. No:3, 34403 Kağıthane/İstanbul, Türkiye","https://zeymedya.com/","","+90 530 236 00 25","5","76","100","Cok Yuksek"
"67","Boomerang İstanbul","Advertising agency","Halaskargazi, Halaskargazi Cd. No:12/5, 34371 Şişli/İstanbul, Türkiye","","","+90 212 225 00 64","4.8","5","100","Cok Yuksek"
"68","Socialp Media - Sosyal Medya Ajansı","Advertising agency","Zuhuratbaba, İncirli Cd. No:69, 34147 Bakırköy/İstanbul, Türkiye","https://www.socialpmedia.com/","","+90 540 034 69 69","5","22","100","Cok Yuksek"
"69","51 Digital: Dijital Pazarlama Ajansı - SEO Ajansı, Reklam Şirketi","Advertising agency","İçerenköy, Çayır Cd No: 2, 34752 Ataşehir/İstanbul, Türkiye","https://www.51.com.tr/","","+90 546 110 51 51","5","15","100","Cok Yuksek"
"70","Amber Digital Agency | Dijital Pazarlama Ajansı","Marketing agency","Yenişehir, Ankara Cd. No: 403-1/1, 34912 Pendik/İstanbul, Türkiye","https://amberdijital.com/","","+90 543 128 88 46","5","87","100","Cok Yuksek"
"71","Digipeak Agency - Dijital Pazarlama Ajansı","Advertising agency","Ömer avni mahallesi, Gümüşsuyu, Emektar Sk. No:14, 34427 Beyoğlu/İstanbul, Türkiye","https://digipeak.org/tr/","","+90 544 838 52 39","4.9","44","100","Cok Yuksek"
"72","İstanbul SEO Ajansı - Aora Digital | Web Tasarım ve Dijital Pazarlama","Advertising agency","Atatürk, Turgut Özal Blv. No:10/1 K:2 İç Kapı No:9, 34758 Ataşehir/İstanbul, Türkiye","https://www.aora.com.tr/","","+90 216 580 97 20","5","42","100","Cok Yuksek"
"73","Magna Dijital Pazarlama Ajansı","Marketing agency","Balmumcu Mah. Gazi Umur Paşa Sok. Balmumcu Plaza 4 No: 36 D: 2, 34349 Beşiktaş/İstanbul, Türkiye","https://www.magnadijital.com.tr/","","+90 850 333 8091","4.8","27","100","Cok Yuksek"
"74","DIRECT GROUP - Digital Marketing Company","Internet marketing service","Akşemsettin, Sarı Nasuh Sk. AHENK APT BLOK NO: 17B, 34080 Fatih/İstanbul, Türkiye","","","+90 536 480 92 91","5","20","100","Cok Yuksek"
"75","Touch Digital I Dijital Pazarlama Ajansı","Marketing agency","Barbaros, Lale Sok. My Office İş Merkezi No: 2/13, 34746 Ataşehir/İstanbul, Türkiye","https://touchdi.com/","","+90 534 460 19 96","5","11","100","Cok Yuksek"
"76","Sempeak | Performans Pazarlama ve SEO Ajansı","Marketing agency","Altunizade, Sırma Perde Sk. No:25, 34662 Üsküdar/İstanbul, Türkiye","https://www.sempeak.com/","","+90 216 550 01 35","4.1","26","100","Cok Yuksek"
"77","Bossy Digital Dijital Pazarlama ve Performans Ajansı - İstanbul","Advertising agency","Esentepe mh. Talatpaşa cd. No: 5 İç Kapı No: 1, 34394 Şişli/İstanbul, Türkiye","https://bossydigital.com/","","+90 212 993 13 97","5","13","100","Cok Yuksek"
"78","Globa Dijital Reklam Ajansı","Marketing agency","İzzet Paşa, Yeni Yol Cd. NUROL TOWER KAT: 31 OFİS NO: 3104, 34000 Şişli/İstanbul, Türkiye","https://globadigital.com/","","+90 535 269 57 32","5","20","100","Cok Yuksek"
"79","İstanbul Reklam Ajans & İRA Dijital Pazarlama Ajansı","Marketing agency","Küçükbakkalköy, Nergis Sk no18/24, 34768 Ataşehir/İstanbul, Türkiye","https://www.istanbulreklamajans.com/","","+90 530 219 30 72","5","20","100","Cok Yuksek"
"80","Lead Magneters - Digital marketing agency in Istanbul, SEO company in Turkey","Marketing agency","Bahçeşehir 1. Kısım, Fırat Cd., 34488 Başakşehir/İstanbul, Türkiye","https://leadmagneters.com/","","+90 530 307 22 74","5","3","100","Cok Yuksek"
"81","Nansa Marketing & Ecommerce Agency","Marketing agency","Huzur, Azerbaycan Cd., 34396 Sarıyer/İstanbul, Türkiye","https://www.nansa.com.tr/","","+90 501 338 13 38","5","4","100","Cok Yuksek"
"82","INDOLES Creative & E-Commerce Agency","Marketing agency","Esentepe Talatpaşa Caddesi No:5 Harman Sok. Girişi, 34394 Şişli/İstanbul, Türkiye","https://www.indoles.com.tr/","","+90 536 247 60 12","5","5","100","Cok Yuksek"
"83","Benji's Digital","E commerce agency","Evliya Çelebi, Sadi Konuralp Cd. No: 5/2, 34430 Beyoğlu/İstanbul, Türkiye","https://www.benjisdigital.com/","","+90 532 154 11 20","5","3","100","Cok Yuksek"
"84","SN Marketing & Ecommerce Agency","Marketing agency","Huzur mah Azerbaycan cd skyland, 34475 Sarıyer/İstanbul, Türkiye","https://snmarketinghub.com/","","+90 501 338 13 38","","","100","Cok Yuksek"
"85","DxGreat","Marketing agency","Esentepe, Keskin Kalem Sok. No:41, 34394 Şişli/İstanbul, Türkiye","http://www.dxgreat.com/","","","5","8","100","Cok Yuksek"
"86","clickzone - Growth Marketing Agency","Internet marketing service","Konaklar, Selvili Sokağı Emlak Bankası Apartmanı, No:2 D:38, 34330 Beşiktaş/İstanbul, Türkiye","https://clickzone.io/","","+90 850 304 1191","5","15","100","Cok Yuksek"
"87","Kurumsal SEO Ajansı - Mobitek","Advertising agency","BUSINESS ISTANBUL, Merdivenköy Mah. Yumurtacı Abdi Bey Cd, Merdivenköy, Dikyol Sk. No:10 B Blok / D:16, 34732 Kadıköy/İstanbul, Türkiye","https://mobitek.com/","","+90 216 418 08 84","4.4","28","100","Cok Yuksek"
"88","Wetasome – İstanbul Web Tasarım, E-Ticaret, SEO, Sosyal Medya, Reklam ve Dijital Danışmanlık Ajansı","Website designer","Nine Hatun, İnönü Cd. Akman Ticaret Merkezi No : 11 K:4 D:52, 34200 Esenler/İstanbul, Türkiye","https://www.wetasome.com/","","+90 538 978 42 26","5","164","100","Cok Yuksek"
"89","Positive A Digital Approach","E commerce agency","Şahkulu, Serdar-ı Ekrem Cd. No:15/A, 34421 Beyoğlu/İstanbul, Türkiye","http://www.positive.com.tr/","","+90 212 403 54 34","4.5","8","100","Cok Yuksek"
"90","Piksel - Kurumsal Web Tasarım Ajansı - İstanbul Ataşehir","Website designer","Nidakule Ataşehir Kuzey, Barbaros, Begonya Sk. No:3 İç Kapı No:73, 34746 Ataşehir/İstanbul, Türkiye","https://piksel.agency/","","+90 232 683 55 85","5","20","100","Cok Yuksek"
"91","RekClick 360° Dijital Pazarlama Ajansı & Reklam Ajansı","Advertising agency","Sultan Selim, Turan Sokağı No:6 LEVENT NO5 Plaza 4.Levent, 34415 Kağıthane/İstanbul, Türkiye","https://www.rekclick.com/","","+90 212 269 95 96","5","19","100","Cok Yuksek"
"92","Crabs Media | SEO | GEO | Web Tasarımı | Performans Pazarlama Ajansı","Website designer","Mecidiyeköy Mahallesi, Şht. Ahmet Sok. Ada Residence N0: 6-10 İç Kapı No: 24, 34387 Şişli/İstanbul, Türkiye","http://www.crabsmedia.com/","","+90 553 089 26 59","4.9","32","100","Cok Yuksek"
"93","İstanbul SEO Ajansı - Work Medya Dijital Ajans","Advertising agency","Gayrettepe, Yıldız Posta Cd. No:30/2, 34394 Beşiktaş/İstanbul, Türkiye","https://www.workmedya.com/","","+90 212 327 33 27","3.8","10","100","Cok Yuksek"
"94","شركة تسويق | Apollo Agency","Marketing agency","Üniversite Mah. E-5 Yan Yol Üzeri, Çınar Sk. No:1 D:4, 34320 Avcılar/İstanbul, Türkiye","https://apollo-agency.com/","","+90 552 833 02 33","4.1","27","100","Cok Yuksek"
"95","Alvonso Marketing Agency","Marketing agency","30-22 44th St #2L, Astoria, NY 11103","https://alvonso.com/","","(347) 926-8669","5","43","100","Cok Yuksek"
"96","Dijital Ankara","Marketing agency","Maltepe, Özveren Sk. No:2 D:19, 06570 Çankaya/Ankara, Türkiye","https://dijitalankara.com/","","+90 555 151 91 29","5","115","100","Cok Yuksek"
"97","AO Digital | Ankara Web Sitesi | Ankara Dijital Reklam Ajansı","Internet marketing service","Büyükesat, Koza Sk. No:153/4, 06700 Çankaya/Ankara, Türkiye","https://aodigital.com.tr/","","+90 534 922 11 68","5","40","100","Cok Yuksek"
"98","Adwoox Ankara Web Tasarım & Ankara SEO Ajansı","Marketing agency","Yeni Antares Konutları, Ayvalı, Gazze Cd. 21B Blok No:22 Kat 3, 06010 Keçiören/Ankara, Türkiye","https://adwoox.com/","","+90 545 790 07 09","5","23","100","Cok Yuksek"
"99","Bilgeweb Interactive Advertising Agency","Internet marketing service","İlkyerleşim Mahallesi 1904.Cadde, Ata Sitesi, 2018 Sk., Batıkent, D:29, 06370 Yenimahalle/Ankara, Türkiye","http://www.bilgeweb.com.tr/","","+90 312 232 23 50","5","444","100","Cok Yuksek"
"100","ON YAZILIM | Ankara WEB Tasarım | SEO | Google Reklam | Sosyal Medya","Internet marketing service","Ragıp Tüzün Mah. Akın Caddesi, Gürler Sk. No: 2/1, 06170 Yenimahalle/Ankara, Türkiye","https://www.onyazilim.com/","","+90 505 034 91 25","4.8","30","100","Cok Yuksek"